Match_ID,Team_A,Team_B,Goal_Difference,Rank_Diff,Host_Diff,Rest_Days_Diff,Prior_GF_Diff,Prior_GA_Diff,Prior_PPG_Diff,Age_Diff,Log_Value_Diff
1,Mexico,South Africa,2,46,1,0,0.0,0.0,0.0,1.15,1.3598
2,Korea Republic,Czechia,1,15,0,0,0.0,0.0,0.0,0.23,-0.3026
3,Canada,Bosnia and Herzegovina,0,34,1,0,0.0,0.0,0.0,0.5,0.3052
4,USA,Paraguay,3,24,1,0,0.0,0.0,0.0,-2.12,0.9201
5,Brazil,Morocco,0,1,0,0,0.0,0.0,0.0,2.73,0.7291
6,Qatar,Switzerland,0,-37,0,0,0.0,0.0,0.0,1.11,-2.8144
7,Haiti,Scotland,-1,-41,0,0,0.0,0.0,0.0,-1.65,-1.1137
8,Germany,Curaçao,6,72,0,0,0.0,0.0,0.0,0.0,3.6037
9,Côte d'Ivoire,Ecuador,1,-10,0,0,0.0,0.0,0.0,-0.23,0.3479
10,Netherlands,Japan,0,10,0,0,0.0,0.0,0.0,0.08,1.0241
11,Australia,Türkiye,2,-5,0,0,0.0,0.0,0.0,-0.35,-1.8109
12,Belgium,Egypt,0,20,0,0,0.0,0.0,0.0,-1.57,1.5476
13,Saudi Arabia,Uruguay,0,-45,0,0,0.0,0.0,0.0,-0.23,-2.1784
14,Spain,Cabo Verde,0,65,0,0,0.0,0.0,0.0,-3.04,3.2097
15,Sweden,Tunisia,4,7,0,0,0.0,0.0,0.0,0.85,1.7588
16,IR Iran,New Zealand,0,65,0,0,0.0,0.0,0.0,2.19,-0.0722
17,France,Senegal,2,12,0,0,0.0,0.0,0.0,-0.04,1.1566
18,Iraq,Norway,-3,-26,0,0,0.0,0.0,0.0,0.3,-3.326
19,Argentina,Algeria,3,27,0,0,0.0,0.0,0.0,2.16,1.1453
20,Austria,Jordan,2,39,0,0,0.0,0.0,0.0,0.04,2.4915
21,England,Croatia,2,7,0,0,0.0,0.0,0.0,-1.26,1.256
22,Ghana,Panama,1,-39,0,0,0.0,0.0,0.0,-3.58,1.915
23,Portugal,Congo DR,0,41,0,0,0.0,0.0,0.0,-0.96,1.9486
24,Uzbekistan,Colombia,-2,-37,0,0,0.0,0.0,0.0,-1.62,-1.2651
25,Canada,Qatar,6,26,1,1,0.0,0.0,0.0,-2.5,2.2993
26,Czechia,South Africa,0,20,0,-1,0.3333,0.0,0.0,0.88,1.3405
27,Switzerland,Bosnia and Herzegovina,3,45,0,-1,0.0,0.0,0.0,1.89,0.8203
28,Mexico,Korea Republic,1,11,1,0,0.0,-0.3333,0.0,0.04,0.3219
29,Scotland,Morocco,-1,-35,0,-1,0.0,-0.3333,0.6667,2.81,-0.9669
30,USA,Australia,2,10,1,1,0.6667,0.3333,0.0,-0.46,1.6052
31,Brazil,Haiti,3,77,0,1,0.3333,0.0,0.3333,1.57,2.8097
32,Germany,Côte d'Ivoire,1,23,0,0,2.0,0.3333,0.0,2.19,0.5954
33,Türkiye,Paraguay,-1,19,0,-1,-0.3333,-0.6667,0.0,-1.31,1.1259
34,Netherlands,Sweden,4,30,0,1,-1.0,0.3333,-0.6667,0.27,0.6191
35,Ecuador,Curaçao,0,59,0,0,-0.3333,-2.0,0.0,-1.96,2.6604
36,Tunisia,Japan,-4,-27,0,-1,-0.3333,1.0,-0.3333,-1.04,-1.3538
37,Belgium,IR Iran,0,11,0,1,-0.3333,-0.3333,0.0,-2.69,2.8381
38,Spain,Saudi Arabia,4,59,0,0,-0.3333,-0.3333,0.0,-1.77,3.4009
39,Uruguay,Cabo Verde,0,51,0,0,0.3333,0.3333,0.0,-1.04,1.9872
40,New Zealand,Egypt,-2,-56,0,-1,0.3333,0.3333,0.0,-1.07,-1.2182
41,Argentina,Austria,2,23,0,0,0.0,-0.3333,0.0,0.5,1.1919
42,France,Iraq,3,54,0,0,0.6667,-1.0,1.0,-0.07,4.2725
43,Jordan,Algeria,-1,-35,0,0,0.3333,0.0,0.0,1.62,-2.5381
44,Norway,Senegal,1,-16,0,0,1.0,-0.6667,1.0,-0.27,0.2101
45,England,Ghana,0,69,0,0,1.0,0.6667,0.0,0.2,1.7578
46,Panama,Croatia,-1,-23,0,0,-0.6667,-1.0,0.0,2.12,-2.4168
47,Portugal,Uzbekistan,5,45,0,1,0.0,-0.6667,0.3333,-0.42,2.4712
48,Morocco,Haiti,2,76,0,1,0.5,-0.75,1.0,-1.16,2.0806
49,Scotland,Brazil,-3,-36,0,1,-0.75,0.0,-0.25,0.08,-1.696
50,Switzerland,Canada,1,11,-1,0,-0.5,0.25,0.0,1.39,0.5151
51,Colombia,Congo DR,1,33,0,-1,0.6667,0.0,0.6667,1.08,0.7425
52,Bosnia and Herzegovina,Qatar,2,-8,0,0,0.25,-0.5,0.0,-3.0,1.9941
53,South Africa,Korea Republic,1,-35,0,1,-0.25,0.25,-0.5,-1.11,-1.0379
54,Curaçao,Côte d'Ivoire,-2,-49,0,-1,-0.25,1.25,-0.5,2.19,-3.0083
55,Ecuador,Germany,1,-13,0,-1,-2.25,-0.25,-1.25,-1.96,-0.9433
56,Tunisia,Netherlands,-2,-37,0,-1,-1.5,1.5,-1.0,-1.12,-2.3779
57,Czechia,Mexico,-3,-26,-1,1,-0.25,0.75,-1.25,-0.27,-0.0193
58,Japan,Sweden,0,20,0,-1,0.0,-1.0,0.25,0.19,-0.405
59,Paraguay,Australia,0,-14,0,-1,0.0,0.5,0.0,1.66,0.685
60,Norway,France,-3,-28,0,-1,0.25,0.5,0.0,-0.23,-0.9465
61,Türkiye,USA,1,-5,-1,-1,-1.5,0.5,-1.5,0.81,0.2058
62,Senegal,Iraq,5,42,0,-1,0.5,-0.25,0.0,-0.03,3.1158
63,Cabo Verde,Saudi Arabia,0,-6,0,0,0.25,-0.75,0.25,1.27,0.1912
64,Egypt,IR Iran,0,-9,0,-1,0.5,0.0,0.5,-1.12,1.2904
65,New Zealand,Belgium,-4,-76,0,-1,0.5,1.0,-0.25,0.5,-2.7659
66,Uruguay,Spain,-1,-14,0,0,-0.25,0.75,-0.5,2.0,-1.2224
67,Colombia,Portugal,0,-8,0,-1,-0.5,0.0,0.5,2.04,-1.2061
68,Croatia,Ghana,1,62,0,0,0.5,1.0,-0.25,1.46,0.5017
69,Panama,England,-2,-30,0,0,-1.0,0.0,-1.0,3.38,-3.6728
70,Congo DR,Uzbekistan,2,4,0,-1,0.0,-1.5,0.25,0.54,0.5226
71,Algeria,Austria,0,-4,0,-1,-0.25,0.25,0.0,-1.66,0.0466
72,Jordan,Argentina,-2,-62,0,-1,-0.75,1.25,-1.5,-0.54,-3.6833
73,South Africa,Canada,-1,-30,-1,-1,-1.2,0.0,0.0,-0.07,-1.3946
74,Brazil,Japan,1,12,0,1,0.0,-0.4,0.4,1.46,1.2317
75,Germany,Paraguay,0,31,0,1,1.6,0.0,0.4,-1.0,1.8186
76,Netherlands,Morocco,0,-1,0,-1,0.8,0.2,0.0,1.35,0.5215
77,Côte d'Ivoire,Norway,-1,-2,0,1,-0.8,-1.0,0.0,-1.0,-0.1221
78,France,Sweden,3,35,0,-1,0.6,-1.0,1.0,-0.42,1.3199
79,Mexico,Ecuador,2,9,1,0,0.8,-0.4,1.0,1.92,-0.6533
80,England,Congo DR,1,42,0,0,0.4,-0.2,0.6,-1.88,2.2461
81,Belgium,Senegal,1,6,0,-1,-0.4,-0.8,0.4,0.5,0.1355
82,USA,Bosnia and Herzegovina,2,47,1,-1,0.6,-0.4,0.4,0.5,0.9685
83,Portugal,Croatia,1,6,0,0,0.2,-0.8,-0.2,-0.34,0.9585
84,Spain,Austria,3,22,0,1,-0.2,-1.2,0.6,-1.93,1.6045
85,Australia,Egypt,0,2,0,1,-0.6,-0.2,-0.2,-1.81,-0.4081
86,Argentina,Cabo Verde,1,66,0,-1,1.2,-0.2,1.2,-0.61,2.797
87,Switzerland,Algeria,2,9,0,2,0.4,-0.8,0.6,1.35,0.258
88,Colombia,Ghana,1,60,0,0,0.4,-0.2,0.6,3.16,0.2541
89,Canada,Morocco,-3,-23,1,2,0.3333,-0.1667,-0.1667,0.5,-0.8126
90,Paraguay,France,-1,-38,0,1,-1.6667,0.5,-1.1667,1.96,-2.2918
91,Brazil,Norway,-1,25,0,1,-0.1667,-1.0,0.1667,2.3,0.4533
92,Mexico,England,-1,-10,1,0,0.0,-0.5,0.3333,0.88,-1.9585
93,Portugal,Spain,-1,-3,0,0,0.0,0.3333,-0.3333,1.35,-0.1889
94,USA,Belgium,-3,-8,1,-1,0.1667,0.0,0.1667,-0.7,-0.3506
95,Argentina,Egypt,1,28,0,0,0.8333,-0.1667,1.0,-0.07,1.9362
96,Switzerland,Colombia,0,-6,0,1,0.6667,0.3333,0.0,-1.77,0.0951
97,France,Morocco,2,4,0,0,0.5714,-0.2857,0.5714,0.66,1.2223
98,Spain,Belgium,1,7,0,1,-0.5714,-0.7143,0.2857,-0.93,0.8012
99,Norway,England,-1,-27,0,1,0.1429,0.5714,-0.1429,-0.27,-0.8353
100,Argentina,Switzerland,2,18,0,0,0.7143,0.2857,0.5714,0.81,0.8873
101,France,Spain,-2,-1,0,1,0.625,0.125,0.25,0.39,0.2199
102,England,Argentina,-1,-3,0,1,-0.5,0.0,-0.25,-2.0,0.5213
103,France,England,-2,1,0,1,0.2222,-0.4444,0.2222,-0.04,0.1112
104,Spain,Argentina,1,-1,0,1,-0.6667,-0.6667,-0.2222,-2.43,0.4127
